"Guid","Name","SBQQ__MethodName__c","SBQQ__Version__c"
087ed8ff-782d-4673-b357-72611846fc30,a2X5e000000Hhbq,enableFlagToPreventBackdatedAmendments,228.7
1292559d-8567-4539-ba5f-c38c9fd9b18f,a2X5e000000Hhc8,SBQQ.InstallProcessorBatchHasCS,228.7
13d62fdf-d5fb-410d-9f42-1552d2531bc2,a2X5e000000Hhbx,SBQQ.InstallProcessorBatchRequiredByAsset,228.7
152ddf43-12c7-4d23-8071-4e3a5e8f27ea,a2X5e000000Hhbm,createExternalConfiguratorCustomAction,228.7
28538115-bef5-41df-9f54-4f91fd45a5bb,a2X5e000000Hhbp,createConfiguratorEditRulesAction,228.7
2b7baabe-f0e3-4698-87d9-959c2d824149,a2X5e000000Hhbl,createViewConsumptionScheduleLineAction,228.7
2d553065-096c-4eb7-85a9-ea51888ae04a,a2X5e000000Hhc7,SBQQ.PriceRuleRefFieldGenerator,228.7
365b62f2-63fb-4537-9380-551fce7fabed,a2X5e000000HhcA,SBQQ.ProductRefFieldGenerator,228.7
3e47abfb-b45e-4b4f-9fad-70a82aae5820,a2X5e000000Hhbs,SBQQ.InstallProcessorBatchRegularPrice,228.7
3f05e036-d8ac-4392-9223-642d9b9aebfc,a2X5e000000Hhbt,SBQQ.InstallProcessorBatchQuantityEditable,228.7
41297f60-ef5e-4547-80bc-24cc5eb69bf4,a2X5e000000Hhc9,SBQQ.CustomActionRefFieldGenerator,228.7
46b628db-1269-4a1e-aa3a-0bfc3f36e365,a2X5e000000Hhbo,viewPricingGuidanceLineAction,228.7
4948536c-8603-4fe9-8491-05de181a4cec,a2X5e000000Hhc4,updateOIsWithAssetsContractsSubs,228.7
54fcd6eb-472a-470f-a0f9-4e8eeaaffa52,a2X5e000000Hhc6,SBQQ.ProductRuleRefFieldGenerator,228.7
59e0b0d3-f8cc-4df4-b23d-9c47b65a9016,a2X5e000000HhcB,SBQQ.BatchableConfigAttrReferencedFieldUtil,228.7
6c971085-1a22-4da0-ad47-637b7e8bd68f,a2X5e000000HhcC,SBQQ.RootIdSetterParentSubscriptions,228.7
87d82d35-0c76-4003-b1c4-a5e8836ac0af,a2X5e000000Hhc2,SBQQ.InstallProcessorBatchAssetCombineKey,228.7
93bf6621-89a1-4908-b24c-5d93bb765e72,a2X5e000000Hhbn,createAmendSubscriptionsCustomQleAction,228.7
ab73dc94-72c8-4f3d-9f1b-7b45343807a5,a2X5e000000Hhbk,createCustomActionsOnQLE,228.7
b83f229c-d8e0-41ff-b598-6479038657f0,a2X5e000000Hhbw,SBQQ.InstallProcessorBatchQLIPriceBookEntry,228.7
b9ef549f-5177-46ab-aa37-f4621b54a8ad,a2X5e000000Hhbv,SBQQ.BatchablePluginTranspileUtil,228.7
be0fc604-4cf7-44e8-b1f9-abbb51636d65,a2X5e000000Hhc1,SBQQ.InstallProcessorBatchThemeGenerator,228.7
bfa0dde2-cdc0-4102-a973-666360f644e3,a2X5e000000Hhc0,SBQQ.BatchableDSExclusionGenerator,228.7
c5e61119-bd54-4511-a45b-e237642c3760,a2X5e000000Hhc5,SBQQ.SummaryVarRefFieldGenerator,228.7
c9e41a94-ed36-43f5-ad80-c9f8b8df2e83,a2X5e000000HhcE,SBQQ.RootIdSetterChildSubscriptions,228.7
de00a384-5a1d-4542-9a6b-bb6df76ee221,a2X5e000000Hhc3,SBQQ.DiscountScheduleRefFieldGenerator,228.7
e1f39a98-2a08-41ac-96c9-cbe117e14229,a2X5e000000HhcF,SBQQ.RootIdSetterChildAssets,228.7
e208ede4-3156-4c87-a25f-bb472f4d56a1,a2X5e000000Hhbz,SBQQ.InstallProcessorBatchLocalizationIndex,228.7
edba3e26-1a67-439d-b264-397f5614080a,a2X5e000000Hhby,SBQQ.ReferencedFieldRemover,228.7
f643a1a3-c816-4889-9565-e42d9f358b95,a2X5e000000HhcD,SBQQ.RootIdSetterParentAssets,228.7
f8692b6a-9038-4358-84f9-5797cd035095,a2X5e000000Hhbr,createAddRecommendedProductsAction,228.7
fe794f5f-1331-4fc3-a282-65c81a27b60d,a2X5e000000Hhbu,CalculatorReferencedFieldRemover,228.7
